{
  "training_date": "2025-10-08 17:34:12",
  "dataset_type": "Aggregated (full posts per person)",
  "approach": "BERT + CountVectorizer + Linguistic Features + Ensemble",
  "dimensions": {
    "IE": {
      "name": "Introversion vs Extraversion",
      "test_accuracy": 0.8087855297157622,
      "precision": 0.8095238095238095,
      "recall": 0.6710526315789473,
      "f1_score": 0.7338129496402878,
      "train_size": 1801,
      "test_size": 387
    },
    "NS": {
      "name": "Intuition vs Sensing",
      "test_accuracy": 0.8475452196382429,
      "precision": 0.8503937007874016,
      "recall": 0.7297297297297297,
      "f1_score": 0.7854545454545454,
      "train_size": 1801,
      "test_size": 387
    },
    "TF": {
      "name": "Thinking vs Feeling",
      "test_accuracy": 0.8217054263565892,
      "precision": 0.8206521739130435,
      "recall": 0.8074866310160428,
      "f1_score": 0.8140161725067385,
      "train_size": 1801,
      "test_size": 387
    },
    "JP": {
      "name": "Judging vs Perceiving",
      "test_accuracy": 0.7441860465116279,
      "precision": 0.7475728155339806,
      "recall": 0.7661691542288557,
      "f1_score": 0.7567567567567568,
      "train_size": 1801,
      "test_size": 387
    }
  },
  "overall_accuracy": 0.8055555555555556
}